"","pri2","pri23","pri34","pri4","pos2","pos23","pos34","pos4","format2","format3","cred","info","priconfi","posconfi","negotiator","education","male","age","children","vulnerable","emerging","exporter","developed","emiter","mba"
"1",0,0.15,0.75,0.1,0,0.25,0.75,0,0,0,5,5,6,6,1,"d",1,40,3,1,0,0,0,0,0
"2",0.172413793103448,0.241379310344828,0.275862068965517,0.310344827586207,0.181818181818182,0.236363636363636,0.272727272727273,0.309090909090909,0,0,4,5,5,4,1,"e",1,33,2,1,0,0,0,0,0
"3",0,0,1,0,0,0.391304347826087,0.391304347826087,0.217391304347826,0,0,5,5,6,6,1,"g",1,45,0,1,0,0,0,0,0
"4",0.0512820512820513,0.128205128205128,0.384615384615385,0.435897435897436,0,0.288888888888889,0.311111111111111,0.4,0,0,6,5,4,6,1,"g",0,NA,NA,0,0,0,1,0,0
"5",0,1,0,0,0.210526315789474,0.789473684210526,0,0,0,0,6,5,4,5,1,"e",1,28,0,1,0,0,0,0,0
"6",0.0172413793103448,0.224137931034483,0.344827586206897,0.413793103448276,0.027027027027027,0.27027027027027,0.351351351351351,0.351351351351351,0,0,5,4,6,6,1,"g",1,35,2,0,1,1,0,1,0
"7",0.185185185185185,0.407407407407407,0.296296296296296,0.111111111111111,0.192307692307692,0.461538461538462,0.230769230769231,0.115384615384615,0,0,4,2,5,4,1,"e",1,35,0,NA,NA,NA,NA,0,0
"8",0.0153846153846154,0.4,0.4,0.184615384615385,0.0909090909090909,0.590909090909091,0.181818181818182,0.136363636363636,0,0,4,4,5,4,0,"g",1,47,1,NA,NA,NA,NA,0,0
"9",0.291666666666667,0.375,0.208333333333333,0.125,0.125,0.5625,0.1875,0.125,0,0,6,5,4,4,0,"g",1,58,3,NA,NA,NA,NA,0,0
"10",0.0476190476190476,0.380952380952381,0.428571428571429,0.142857142857143,0.0454545454545455,0.454545454545455,0.454545454545455,0.0454545454545455,0,0,5,5,3,5,0,"e",1,30,2,NA,NA,NA,NA,0,0
"11",0.0333333333333333,0.266666666666667,0.5,0.2,0.0344827586206897,0.379310344827586,0.448275862068966,0.137931034482759,0,0,6,6,6,6,0,"e",1,45,1,NA,NA,NA,NA,0,0
"12",0,1,0,0,0,0,1,0,0,0,4,4,5,4,1,"e",0,30,NA,0,0,1,0,0,0
"13",0.0277777777777778,0.277777777777778,0.416666666666667,0.277777777777778,0.0454545454545455,0.454545454545455,0.454545454545455,0.0454545454545455,0,0,5,5,4,5,0,"e",1,37,2,NA,NA,NA,NA,0,0
"14",0.0540540540540541,0.27027027027027,0.405405405405405,0.27027027027027,0.272727272727273,0.227272727272727,0.227272727272727,0.272727272727273,0,0,5,5,5,3,1,"g",1,50,NA,0,0,0,1,0,0
"15",0.170212765957447,0.382978723404255,0.319148936170213,0.127659574468085,0.170212765957447,0.382978723404255,0.319148936170213,0.127659574468085,0,0,5,5,5,5,1,"e",1,24,0,0,1,0,0,0,0
"16",0.028169014084507,0.169014084507042,0.338028169014085,0.464788732394366,0.0298507462686567,0.164179104477612,0.328358208955224,0.477611940298507,0,0,NA,NA,NA,NA,1,"e",1,41,3,0,0,0,1,0,0
"17",0,0.25,0.75,0,0,0.25,0.75,0,0,0,4,6,5,5,0,"e",1,37,1,NA,NA,NA,NA,0,0
"18",0.154929577464789,0.28169014084507,0.422535211267606,0.140845070422535,0.144736842105263,0.302631578947368,0.394736842105263,0.157894736842105,0,0,5,5,4,4,0,"d",1,36,0,NA,NA,NA,NA,1,0
"19",0.0740740740740741,0.37037037037037,0.481481481481481,0.0740740740740741,0.04,0.52,0.4,0.04,0,0,5,4,5,6,0,"e",1,35,0,0,0,0,1,1,0
"20",0.0645161290322581,0.483870967741935,0.258064516129032,0.193548387096774,0.08,0.4,0.4,0.12,0,0,3,4,4,3,0,"e",1,32,0,0,0,0,1,1,0
"21",0.118421052631579,0.118421052631579,0.460526315789474,0.302631578947368,0.166666666666667,0.166666666666667,0.371794871794872,0.294871794871795,0,0,5,5,NA,NA,1,"e",1,43,1,0,1,0,0,0,0
"22",0.403225806451613,0.306451612903226,0.258064516129032,0.032258064516129,0.666666666666667,0.238095238095238,0.0952380952380952,0,0,0,3,5,6,6,1,"e",1,47,3,NA,NA,NA,NA,0,0
"23",0.447761194029851,0.298507462686567,0.17910447761194,0.0746268656716418,0.428571428571429,0.285714285714286,0.2,0.0857142857142857,0,0,4,5,5,4,1,"",0,30,NA,0,0,0,1,0,0
"24",0.0641025641025641,0.448717948717949,0.397435897435897,0.0897435897435897,0.0208333333333333,0.0625,0.3125,0.604166666666667,0,0,5,3,5,4,0,"e",1,38,0,0,0,0,1,1,0
"25",0.119047619047619,0.428571428571429,0.333333333333333,0.119047619047619,0.119047619047619,0.428571428571429,0.333333333333333,0.119047619047619,0,0,3,3,5,5,1,"e",1,32,0,NA,NA,NA,NA,0,0
"26",0,0.368421052631579,0.368421052631579,0.263157894736842,0,0.416666666666667,0.416666666666667,0.166666666666667,0,0,6,6,5,5,0,"e",0,38,0,NA,NA,NA,NA,0,0
"27",0.131578947368421,0.394736842105263,0.315789473684211,0.157894736842105,0.131578947368421,0.394736842105263,0.315789473684211,0.157894736842105,0,0,4,4,4,5,1,"g",0,33,0,0,1,0,0,0,0
"28",0.0148148148148148,0.244444444444444,0.37037037037037,0.37037037037037,0.0238095238095238,0.476190476190476,0.476190476190476,0.0238095238095238,0,0,1,4,5,6,1,"e",1,26,0,1,0,0,0,0,0
"29",1,0,0,0,0,1,0,0,0,0,5,6,6,6,1,"e",1,62,4,1,0,0,0,0,0
"30",0.590551181102362,0.377952755905512,0.031496062992126,0,0.540540540540541,0.324324324324324,0.101351351351351,0.0337837837837838,0,0,2,3,4.5,4.5,1,"e",1,41,1,0,0,1,0,0,0
"31",0.426751592356688,0.337579617834395,0.171974522292994,0.0636942675159236,0.0344827586206897,0.620689655172414,0.310344827586207,0.0344827586206897,0,0,6,6,6,6,1,"e",0,39,0,1,0,0,0,0,0
"32",0.166666666666667,0.277777777777778,0.388888888888889,0.166666666666667,0.0130718954248366,0.490196078431373,0.490196078431373,0.0065359477124183,0,0,2,3,6,5,0,"f",1,45,0,0,0,0,1,1,0
"33",0.141388174807198,0.25706940874036,0.344473007712082,0.25706940874036,0,0.425531914893617,0.574468085106383,0,0,0,6,5,7,7,0,"g",0,60,2,NA,NA,NA,NA,1,0
"34",0.46875,0.28125,0.1875,0.0625,0.193548387096774,0.32258064516129,0.290322580645161,0.193548387096774,0,0,4,5,4,4,1,"g",1,51,2,1,0,0,0,0,0
"35",0.594339622641509,0.405660377358491,0,0,0.542857142857143,0.457142857142857,0,0,0,0,5,6,5,5,1,"g",1,60,5,1,0,0,0,0,0
"36",0.0144927536231884,0.289855072463768,0.521739130434783,0.173913043478261,0.0808823529411765,0.294117647058824,0.551470588235294,0.0735294117647059,0,0,3,5,6,4,0,"e",0,51,0,NA,NA,NA,NA,0,0
"37",0.4,0.35,0.15,0.1,0.185185185185185,0.37037037037037,0.222222222222222,0.222222222222222,0,0,3,4,2,1,0,"g",0,53,0,NA,NA,NA,NA,0,0
"38",0,0.833333333333333,0.166666666666667,0,0.05,0.45,0.45,0.05,0,0,5,4,5,5,0,"e",0,56,2,0,0,0,1,1,0
"39",0.0540540540540541,0.27027027027027,0.513513513513513,0.162162162162162,0.0512820512820513,0.41025641025641,0.41025641025641,0.128205128205128,0,0,5,6,4,4,1,"d",1,31,0,1,0,0,0,0,0
"40",0.0416666666666667,0.291666666666667,0.583333333333333,0.0833333333333333,0.0714285714285714,0.357142857142857,0.5,0.0714285714285714,0,0,4,4,5,4,0,"g",1,36,2,0,0,0,1,0,0
"41",0.390625,0.3125,0.192708333333333,0.104166666666667,0.398936170212766,0.297872340425532,0.196808510638298,0.106382978723404,0,0,4,3,4,5,1,"d",0,40,0,1,0,0,0,0,0
"42",0.507462686567164,0.358208955223881,0.0597014925373134,0.0746268656716418,0.0410958904109589,0.164383561643836,0.356164383561644,0.438356164383562,0,0,6,5,5,5,1,"e",1,30,0,1,0,0,0,0,0
"43",0.145454545454545,0.236363636363636,0.272727272727273,0.345454545454545,0.157894736842105,0.245614035087719,0.263157894736842,0.333333333333333,0,0,3,3,3,2,1,"e",1,43,2,1,0,0,0,0,0
"44",0,0.3,0.7,0,0,0.3,0.7,0,0,0,7,5,7,7,1,"g",0,45,1,NA,NA,NA,NA,0,0
"45",0,0,1,0,0,0,1,0,0,0,3,4,5,5,1,"f",0,60,3,1,0,0,0,0,0
"46",0.137931034482759,0.517241379310345,0.275862068965517,0.0689655172413793,0.0645161290322581,0.483870967741935,0.387096774193548,0.0645161290322581,0,0,5,5,4,5,0,"f",0,NA,NA,NA,NA,NA,NA,0,0
"47",0.181818181818182,0.727272727272727,0.0909090909090909,0,0.2,0.8,0,0,0,0,5,4,5,5,0,"d",1,38,4,NA,NA,NA,NA,0,0
"48",0,1,0,0,0,0.5,0.5,0,0,0,4,5,3,4,0,"g",0,26,0,NA,NA,NA,NA,0,0
"49",0.6,0.4,0,0,0.315789473684211,0.526315789473684,0.157894736842105,0,0,0,4,4,5,5,0,"e",1,26,0,NA,NA,NA,NA,0,0
"50",0.0434782608695652,0.434782608695652,0.434782608695652,0.0869565217391304,0,0.5,0.5,0,0,0,5,3,6,3,0,"e",1,62,4,NA,NA,NA,NA,0,0
"51",0.0277777777777778,0.194444444444444,0.444444444444444,0.333333333333333,0,0.344827586206897,0.551724137931034,0.103448275862069,0,0,3,3,3,4,0,"g",1,33,0,NA,NA,NA,NA,0,0
"52",0,1,0,0,0,0.555555555555556,0.444444444444444,0,0,0,4,4,2,2,0,"e",1,41,1,0,0,1,1,0,0
"53",0,0,0,1,0,0,0,1,0,0,6,6,4,6,1,"f",0,66,5,1,1,0,0,0,0
"54",0,0,0.5,0.5,0,0.130434782608696,0.434782608695652,0.434782608695652,0,0,2,4,2,2,0,"c",1,21,0,NA,NA,NA,NA,0,0
"55",0,1,0,0,0,0.8,0.2,0,0,0,6,6,4,6,0,"e",1,60,3,NA,NA,NA,NA,1,0
"56",0.05,0.75,0.15,0.05,0.05,0.5,0.4,0.05,0,0,6,5,3,4,0,"d",1,24,0,NA,NA,NA,NA,0,0
"57",0.0416666666666667,0.333333333333333,0.333333333333333,0.291666666666667,0.0416666666666667,0.333333333333333,0.333333333333333,0.291666666666667,0,0,6,6,6,6,1,"e",1,56,3,1,1,0,0,0,0
"58",0.0526315789473684,0.105263157894737,0.842105263157895,0,0.0526315789473684,0.105263157894737,0.842105263157895,0,0,0,4,4,5,5,0,"e",1,40,2,1,0,0,0,0,0
"59",0,0.377358490566038,0.339622641509434,0.283018867924528,0,0.351851851851852,0.333333333333333,0.314814814814815,1,0,6,6,7,7,0,"f",1,73,1,NA,NA,NA,NA,0,0
"60",0.344827586206897,0.448275862068966,0.172413793103448,0.0344827586206897,0.3125,0.375,0.21875,0.09375,1,0,5,5,4,4,1,"e",1,NA,4,1,0,0,0,0,0
"61",0,1,0,0,0,1,0,0,1,0,4,3,5,5,0,"e",0,50,2,0,0,0,1,1,0
"62",0.012987012987013,0.168831168831169,0.350649350649351,0.467532467532468,0,0.257731958762887,0.371134020618557,0.371134020618557,1,0,4,6,5,6,0,"d",0,23,0,0,0,1,1,0,0
"63",0.032258064516129,0.161290322580645,0.580645161290323,0.225806451612903,0.0571428571428571,0.142857142857143,0.457142857142857,0.342857142857143,1,0,6,6,6,6,0,"e",1,28,0,0,0,1,1,1,0
"64",0.121951219512195,0.439024390243902,0.146341463414634,0.292682926829268,0.119047619047619,0.452380952380952,0.19047619047619,0.238095238095238,1,0,4,4,5,4,0,"f",1,45,0,1,0,0,0,0,0
"65",0.2,0.533333333333333,0.133333333333333,0.133333333333333,0.125,0.40625,0.34375,0.125,1,0,3,3,5,5,0,"e",0,42,0,1,0,0,0,0,0
"66",0.926829268292683,0.024390243902439,0.024390243902439,0.024390243902439,0.926829268292683,0.024390243902439,0.024390243902439,0.024390243902439,1,0,5,7,7,6,0,"g",0,45,1,0,1,1,0,1,0
"67",0.12962962962963,0.537037037037037,0.277777777777778,0.0555555555555556,0.175,0.475,0.225,0.125,1,0,2,2,2,3,0,"e",0,31,0,0,0,0,1,1,0
"68",0.285714285714286,0.428571428571429,0.228571428571429,0.0571428571428571,0.285714285714286,0.428571428571429,0.228571428571429,0.0571428571428571,1,0,6,5,6,6,0,"e",0,45,2,1,0,0,0,0,0
"69",0.0476190476190476,0.357142857142857,0.357142857142857,0.238095238095238,0.0222222222222222,0.377777777777778,0.377777777777778,0.222222222222222,1,0,7,5,3,4,0,"d",0,21,0,0,0,0,1,0,0
"70",0.05,0.2,0.5,0.25,0.025,0.3,0.525,0.15,1,0,5,5,2,4,1,"e",1,35,0,1,0,1,0,1,0
"71",0.230769230769231,0.307692307692308,0.192307692307692,0.269230769230769,0.217391304347826,0.260869565217391,0.347826086956522,0.173913043478261,1,0,4,4,4,4,1,"e",1,40,4,1,0,0,0,0,0
"72",0.1,0.25,0.65,0,0,0.5,0.5,0,1,0,5,3,6,5,1,"e",1,50,0,1,1,0,0,0,0
"73",0,0.8,0.2,0,0,0.8,0.2,0,1,0,2,5,5,5,0,"g",1,64,3,NA,NA,NA,NA,0,0
"74",0,0.695652173913043,0.260869565217391,0.0434782608695652,0.0869565217391304,0.695652173913043,0.173913043478261,0.0434782608695652,1,0,5,6,1,4.5,1,"e",1,60,3,1,0,0,0,0,0
"75",0.0689655172413793,0.586206896551724,0.344827586206897,0,0.6,0.4,0,0,1,0,4,5,7,5,1,"e",1,55,4,0,1,0,0,0,0
"76",0.032258064516129,0.0645161290322581,0.32258064516129,0.580645161290323,0.03125,0.46875,0.46875,0.03125,1,0,5,5,3,5,1,"e",1,26,0,1,0,1,0,0,0
"77",0.294117647058824,0.235294117647059,0.235294117647059,0.235294117647059,0.0465116279069767,0.27906976744186,0.348837209302326,0.325581395348837,1,0,4,5,4,4,0,"e",1,24,0,NA,NA,NA,NA,0,0
"78",0.210727969348659,0.597701149425287,0.130268199233716,0.0613026819923372,0.0638297872340425,0.409574468085106,0.414893617021277,0.111702127659574,1,0,3,3,3,4,0,"e",1,35,0,NA,NA,NA,NA,0,0
"79",0,1,0,0,0,0,0,1,1,0,6,6,7,7,0,"e",1,30,NA,0,1,1,0,1,0
"80",0,1,0,0,0,0,1,0,1,0,6,5.5,1,4,1,"e",0,30,0,0,0,1,0,0,0
"81",0.833333333333333,0.0555555555555556,0.0555555555555556,0.0555555555555556,0.269230769230769,0.326923076923077,0.307692307692308,0.0961538461538462,1,0,5,6,5,6,1,"e",1,52,1,1,1,0,0,0,0
"82",0,0.348837209302326,0.418604651162791,0.232558139534884,0.037037037037037,0.277777777777778,0.333333333333333,0.351851851851852,1,0,4,5,NA,5,1,"e",1,42,2,1,1,0,0,0,0
"83",0.121951219512195,0.390243902439024,0.341463414634146,0.146341463414634,0.0769230769230769,0.384615384615385,0.384615384615385,0.153846153846154,1,0,5,5,5,5,0,"e",1,32,1,1,0,0,0,0,0
"84",0,1,0,0,0,1,0,0,1,0,7,5,5,5,1,"e",1,35,0,1,0,0,0,0,0
"85",0.0606060606060606,0.484848484848485,0.393939393939394,0.0606060606060606,0.413793103448276,0.344827586206897,0.172413793103448,0.0689655172413793,1,0,4,5,5,4,1,"d",1,27,0,0,1,0,1,1,0
"86",0,0,1,0,0,0,1,0,1,0,1,1,NA,1,1,"d",1,NA,NA,1,0,0,0,0,0
"87",0.285714285714286,0.238095238095238,0.238095238095238,0.238095238095238,0.186046511627907,0.232558139534884,0.302325581395349,0.27906976744186,1,0,5,6,4,4,1,"c",0,47,2,1,0,0,0,0,0
"88",0,1,0,0,0,1,0,0,1,0,4,4,4,4,0,"f",0,49,3,NA,NA,NA,NA,0,0
"89",0.157894736842105,0.394736842105263,0.263157894736842,0.184210526315789,0.0740740740740741,0.555555555555556,0.37037037037037,0,1,0,4,5,5,6,1,"g",1,46,3,1,0,0,0,0,0
"90",0.0192307692307692,0.826923076923077,0.0769230769230769,0.0769230769230769,0.13953488372093,0.790697674418605,0.0581395348837209,0.0116279069767442,1,0,4,4,5,4,0,"f",0,39,0,NA,NA,NA,NA,0,0
"91",0,0.0769230769230769,0.230769230769231,0.692307692307692,0,0.282485875706215,0.180790960451977,0.536723163841808,1,0,3,4,NA,6,1,"",1,38,5,1,0,0,0,0,0
"92",0,0.4,0.6,0,0.05,0.4,0.45,0.1,1,0,5,4,6,6,0,"e",1,35,2,NA,NA,NA,NA,0,0
"93",0.193548387096774,0.451612903225806,0.32258064516129,0.032258064516129,0.193548387096774,0.451612903225806,0.32258064516129,0.032258064516129,1,0,7,6,7,7,0,"e",1,26,0,NA,NA,NA,NA,0,0
"94",0.272727272727273,0.454545454545455,0.272727272727273,0,0.25,0.5,0.25,0,1,0,4,5,6,6,0,"g",1,53,2,NA,NA,NA,NA,0,0
"95",0,0.75,0.25,0,0,0.75,0.25,0,1,0,NA,NA,3,3,1,"e",0,NA,NA,0,0,0,1,1,0
"96",0.178571428571429,0.285714285714286,0.392857142857143,0.142857142857143,0.115384615384615,0.576923076923077,0.192307692307692,0.115384615384615,1,0,6,5,5,5,0,"c",1,32,2,0,0,0,1,1,0
"97",0,0,1,0,0,0,1,0,1,0,4,7,7,7,0,"g",0,47,3,1,0,0,0,0,0
"98",0.0904392764857881,0.268733850129199,0.449612403100775,0.191214470284238,0.0457142857142857,0.457142857142857,0.457142857142857,0.04,1,0,3,4,2,2,0,"e",1,31,0,0,0,0,1,0,0
"99",0.117647058823529,0.196078431372549,0.333333333333333,0.352941176470588,0.1,0.36,0.36,0.18,1,0,6,7,6,7,0,"e",1,28,0,0,0,1,1,1,0
"100",0.129807692307692,0.370192307692308,0.25,0.25,0.0378378378378378,0.405405405405405,0.405405405405405,0.151351351351351,1,0,6,6,7,6,0,"e",1,28,0,NA,NA,NA,NA,0,0
"101",0.021551724137931,0.107758620689655,0.327586206896552,0.543103448275862,0.021551724137931,0.107758620689655,0.327586206896552,0.543103448275862,1,0,4,5,6,4,0,"g",0,43,3,NA,NA,NA,NA,0,0
"102",0.142857142857143,0.333333333333333,0.380952380952381,0.142857142857143,0.142857142857143,0.357142857142857,0.357142857142857,0.142857142857143,1,0,6,5,5,5,0,"e",1,34,0,NA,NA,NA,NA,1,0
"103",1,0,0,0,1,0,0,0,1,0,1,1,7,7,1,"e",0,45,3,1,0,0,0,0,0
"104",0.25,0.416666666666667,0.333333333333333,0,0.208333333333333,0.416666666666667,0.375,0,1,0,5,5,3,4,1,"g",0,33,0,0,1,1,0,1,0
"105",0.0209205020920502,0.142259414225941,0.606694560669456,0.230125523012552,0.0154639175257732,0.190721649484536,0.448453608247423,0.345360824742268,1,0,5,4,4,5,1,"e",0,62,0,0,0,1,1,1,0
"106",0.315789473684211,0.315789473684211,0.210526315789474,0.157894736842105,0.07,0.47,0.43,0.03,1,0,4,4,3,5,1,"e",1,36,1,0,0,1,1,1,0
"107",0.266666666666667,0.358333333333333,0.266666666666667,0.108333333333333,0.202380952380952,0.321428571428571,0.321428571428571,0.154761904761905,1,0,2,4,2,3,1,"e",1,26,0,0,0,1,1,1,0
"108",0.111111111111111,0.277777777777778,0.444444444444444,0.166666666666667,0.0555555555555556,0.444444444444444,0.444444444444444,0.0555555555555556,1,0,3,4,2,2,0,"e",1,30,0,NA,NA,NA,NA,0,0
"109",0.230769230769231,0.615384615384615,0.153846153846154,0,0.230769230769231,0.615384615384615,0.153846153846154,0,1,0,5,5,4,NA,1,"g",1,44,3,0,1,0,0,0,0
"110",0.286135693215339,0.156342182890855,0.286135693215339,0.271386430678466,0.157232704402516,0.242138364779874,0.292452830188679,0.308176100628931,1,0,6,3,6,6,0,"g",0,48,5,1,0,0,0,0,0
"111",0.294117647058824,0.705882352941177,0,0,0.380952380952381,0.619047619047619,0,0,1,0,5,6,4,6,1,"e",1,60,5,1,0,0,0,0,0
"112",0.0960698689956332,0.379912663755459,0.292576419213974,0.231441048034935,0.109677419354839,0.4,0.341935483870968,0.148387096774194,1,0,5,3,5,3,0,"e",0,35,0,0,0,1,1,1,0
"113",0.3,0.5,0.15,0.05,0.2,0.55,0.15,0.1,1,0,5,3,5,3,0,"e",1,31,0,NA,NA,NA,NA,1,0
"114",0,0.181818181818182,0.727272727272727,0.0909090909090909,0.0446428571428571,0.375,0.491071428571429,0.0892857142857143,1,0,5,5,4,5,0,"f",0,35,1,0,0,0,1,1,0
"115",0.03125,0.3125,0.46875,0.1875,0.0357142857142857,0.357142857142857,0.535714285714286,0.0714285714285714,1,0,4,4,3,4,1,"f",1,58,1,0,0,1,0,0,0
"116",0,0.111111111111111,0.333333333333333,0.555555555555556,0,0.416666666666667,0.333333333333333,0.25,1,0,3,3,4,4,0,"e",1,38,2,NA,NA,NA,NA,0,0
"117",0.125,0.575,0.275,0.025,0.0714285714285714,0.5,0.30952380952381,0.119047619047619,1,0,5,5,5,5,0,"e",1,36,2,0,0,0,1,0,0
"118",0.0434782608695652,0.304347826086957,0.347826086956522,0.304347826086957,0.0444444444444444,0.311111111111111,0.377777777777778,0.266666666666667,0,1,2,3,5,4,0,"e",0,21,0,1,0,0,0,0,0
"119",0.107142857142857,0.642857142857143,0.214285714285714,0.0357142857142857,0,0.25,0.375,0.375,0,1,5,4,5,4,0,"e",1,63,2,0,0,1,1,1,0
"120",0.222222222222222,0.592592592592593,0.148148148148148,0.037037037037037,0.157894736842105,0.421052631578947,0.263157894736842,0.157894736842105,0,1,4,5,5,7,1,"e",1,35,0,0,0,0,1,1,0
"121",0.0476190476190476,0.380952380952381,0.428571428571429,0.142857142857143,0.157894736842105,0.263157894736842,0.315789473684211,0.263157894736842,0,1,5,3,NA,NA,1,"e",0,35,1,0,0,0,1,0,0
"122",0.0125,0.0625,0.4625,0.4625,0.0142857142857143,0.0714285714285714,0.428571428571429,0.485714285714286,0,1,6,6,7,5,1,"e",0,38,0,1,0,0,0,0,0
"123",0.125,0.375,0.25,0.25,0.125,0.375,0.25,0.25,0,1,6,5,5,5,1,"g",1,56,0,0,0,0,1,1,0
"124",0,0,0.25,0.75,0,0.0526315789473684,0.789473684210526,0.157894736842105,0,1,6,7,7,5,0,"g",0,53,2,0,1,0,0,1,0
"125",0.166666666666667,0.222222222222222,0.444444444444444,0.166666666666667,0.142857142857143,0.228571428571429,0.457142857142857,0.171428571428571,0,1,3,5,4,4,0,"g",1,56,2,0,0,0,1,1,0
"126",0,0.157894736842105,0.789473684210526,0.0526315789473684,0.0869565217391304,0.173913043478261,0.652173913043478,0.0869565217391304,0,1,6,6,5,5,0,"f",1,69,2,0,0,1,1,0,0
"127",0.317460317460317,0.444444444444444,0.206349206349206,0.0317460317460317,0.337209302325581,0.406976744186047,0.232558139534884,0.0232558139534884,0,1,5.5,5.5,4,5,0,"d",1,65,2,0,0,0,1,1,0
"128",0.125,0.583333333333333,0.25,0.0416666666666667,0.115384615384615,0.461538461538462,0.384615384615385,0.0384615384615385,0,1,4,6,5,6,0,"f",1,27,0,0,1,0,1,0,0
"129",0.182608695652174,0.339130434782609,0.191304347826087,0.28695652173913,0.127906976744186,0.255813953488372,0.372093023255814,0.244186046511628,0,1,6,7,6,6,1,"f",0,29,0,1,1,0,0,0,0
"130",0,0.365384615384615,0.346153846153846,0.288461538461538,0.0208333333333333,0.270833333333333,0.333333333333333,0.375,0,1,5,6,6,5,0,"d",0,24,0,0,0,1,1,1,0
"131",0,0,0.7,0.3,0,0,1,0,0,1,7,7,2,2,1,"e",1,37,1,1,0,0,0,0,0
"132",0,0,0.5,0.5,0,0,0.5,0.5,0,1,4,7,5,4,1,"e",1,47,3,1,1,0,0,0,0
"133",0.08,0.16,0.32,0.44,0.05,0.35,0.35,0.25,0,1,6,6,NA,5,1,"e",1,51,2,0,0,1,1,1,0
"134",0.0161290322580645,0.150537634408602,0.338709677419355,0.494623655913978,0.0702702702702703,0.172972972972973,0.308108108108108,0.448648648648649,0,1,5,4,5,4,0,"f",1,38,0,NA,NA,NA,NA,0,0
"135",0,0.7,0.3,0,0.0192307692307692,0.480769230769231,0.480769230769231,0.0192307692307692,0,1,6,6,4,4,0,"e",1,50,0,NA,NA,NA,NA,0,0
"136",0.166666666666667,0.166666666666667,0.5,0.166666666666667,0.148148148148148,0.148148148148148,0.148148148148148,0.555555555555556,0,1,4,7,6,7,1,"e",1,45,2,1,0,1,0,0,0
"137",0.0740740740740741,0.222222222222222,0.407407407407407,0.296296296296296,0.106382978723404,0.319148936170213,0.340425531914894,0.234042553191489,0,1,6,5,5,5,1,"e",0,51,2,0,0,0,1,0,0
"138",0.0714285714285714,0.142857142857143,0.285714285714286,0.5,0.037037037037037,0.111111111111111,0.333333333333333,0.518518518518518,0,1,3,4,6,5,1,"e",1,32,2,NA,NA,NA,NA,0,0
"139",0.0181818181818182,0.345454545454545,0.609090909090909,0.0272727272727273,0.0181818181818182,0.345454545454545,0.609090909090909,0.0272727272727273,0,1,1,1,4,4,0,"g",0,NA,1,NA,NA,NA,NA,1,0
"140",0,0.292682926829268,0.390243902439024,0.317073170731707,0,0.268292682926829,0.390243902439024,0.341463414634146,0,1,7,6,6,5,1,"e",1,37,0,1,0,1,0,0,0
"141",0.0324675324675325,0.324675324675325,0.428571428571429,0.214285714285714,0.05,0.45,0.45,0.05,0,1,6,7,5,5,0,"e",1,31,0,NA,NA,NA,NA,0,0
"142",0,0,1,0,0.0099009900990099,0.396039603960396,0.346534653465347,0.247524752475248,0,1,7,6,5,5,1,"g",0,38,0,0,1,1,0,0,0
"143",0.0833333333333333,0.375,0.458333333333333,0.0833333333333333,0.0434782608695652,0.434782608695652,0.434782608695652,0.0869565217391304,0,1,6,5,4,5,1,"g",1,38,2,0,0,0,1,0,0
"144",0.0592885375494071,0.375494071146245,0.316205533596838,0.24901185770751,0.0324675324675325,0.435064935064935,0.422077922077922,0.11038961038961,0,1,6,7,6,6,1,"g",1,41,1,0,1,0,1,0,0
"145",0,0.37037037037037,0.444444444444444,0.185185185185185,0,0.4,0.44,0.16,0,1,5,4,4,5,0,"g",1,35,2,NA,NA,NA,NA,0,0
"146",0.230769230769231,0.384615384615385,0.230769230769231,0.153846153846154,0.0333333333333333,0.333333333333333,0.6,0.0333333333333333,0,1,2,2,3,4,0,"e",1,36,2,NA,NA,NA,NA,0,0
"147",0.0372340425531915,0.382978723404255,0.382978723404255,0.196808510638298,0.0214285714285714,0.478571428571429,0.478571428571429,0.0214285714285714,0,1,6,7,7,6,1,"e",1,34,0,1,0,0,0,0,0
"148",0,1,0,0,0.0285714285714286,0.542857142857143,0.4,0.0285714285714286,0,1,5,6,5,5,1,"e",0,43,3,0,0,0,1,1,0
"149",0.0606060606060606,0.393939393939394,0.484848484848485,0.0606060606060606,0,0.333333333333333,0.533333333333333,0.133333333333333,0,1,3,5,6,6,0,"e",0,40,0,NA,NA,NA,NA,0,0
"150",0.2,0.75,0.05,0,0.2,0.75,0.05,0,0,1,5,4,NA,4,0,"e",1,36,2,NA,NA,NA,NA,0,0
"151",0.416666666666667,0.416666666666667,0.0833333333333333,0.0833333333333333,0.0813008130081301,0.51219512195122,0.32520325203252,0.0813008130081301,0,1,4,6,3,6,0,"e",0,27,0,NA,NA,NA,NA,0,0
"152",0.0445859872611465,0.159235668789809,0.477707006369427,0.318471337579618,0.0531914893617021,0.308510638297872,0.425531914893617,0.212765957446809,0,1,4,4,4,4,1,"g",1,50,3,1,0,0,0,0,0
"153",0,0.75,0.25,0,0,0.5,0.5,0,0,1,3,5,NA,4,1,"e",1,38,2,0,0,0,1,1,0
"154",0.2,0.5,0.3,0,0.0238095238095238,0.333333333333333,0.428571428571429,0.214285714285714,0,1,6,5,4,4,0,"e",1,28,0,0,0,0,1,1,0
"155",0.0188679245283019,0.471698113207547,0.358490566037736,0.150943396226415,0.0648148148148148,0.537037037037037,0.305555555555556,0.0925925925925926,0,1,4,6,5,4,0,"e",0,25,0,0,0,0,1,1,0
"156",0.0813008130081301,0.51219512195122,0.32520325203252,0.0813008130081301,0.0210526315789474,0.526315789473684,0.421052631578947,0.0315789473684211,0,1,5,6,4,6,1,"e",1,27,0,0,0,0,1,1,0
"157",0.5,0.2,0.2,0.1,0.05,0.45,0.4,0.1,0,1,3,5,4,3,0,"e",1,29,0,0,0,0,1,1,0
"158",0.1875,0.53125,0.1875,0.09375,0,0.454545454545455,0.393939393939394,0.151515151515152,0,1,5,5,5,5,1,"d",0,52,0,0,0,0,1,0,0
"159",0,0.0625,0.375,0.5625,0.0229007633587786,0.229007633587786,0.648854961832061,0.099236641221374,0,1,1,7,3,5,1,"g",0,37,0,0,1,0,1,0,0
"160",0.0882352941176471,0.470588235294118,0.294117647058824,0.147058823529412,0.037037037037037,0.407407407407407,0.407407407407407,0.148148148148148,0,1,6,5,3,6,1,"e",1,30,0,1,0,0,0,0,0
"161",0.384615384615385,0.461538461538462,0.0769230769230769,0.0769230769230769,0.147058823529412,0.441176470588235,0.294117647058824,0.117647058823529,0,1,1,1,2,2,0,"d",0,63,2,0,0,0,1,1,0
"162",0.11864406779661,0.635593220338983,0.211864406779661,0.0338983050847458,0.0909090909090909,0.487012987012987,0.357142857142857,0.0649350649350649,0,1,4,4,4,4,0,"g",1,70,3,NA,NA,NA,NA,0,0
"163",0,0.263157894736842,0.421052631578947,0.315789473684211,0,0.263157894736842,0.421052631578947,0.315789473684211,0,1,6,5,6,6,1,"e",1,35,2,1,0,0,0,0,0
"164",0.193939393939394,0.412121212121212,0.260606060606061,0.133333333333333,0.183908045977011,0.413793103448276,0.298850574712644,0.103448275862069,0,1,2,2,5,6,1,"g",0,34,0,1,0,1,0,0,0
"165",0.384615384615385,0.538461538461538,0.0769230769230769,0,0.6,0.36,0.04,0,0,1,5,6,5,4,1,"e",0,47,2,1,0,0,0,0,0
"166",1,0,0,0,0.8,0.2,0,0,0,1,6,6,7,6,0,"e",1,39,2,0,1,0,0,1,0
"167",0.0909090909090909,0.818181818181818,0.0909090909090909,0,NA,NA,NA,NA,0,1,6,4,6,NA,0,"d",1,23,0,0,0,1,1,1,0
"168",0.56,0.24,0.16,0.04,0.56,0.24,0.16,0.04,0,1,6,6,4,NA,1,"f",1,54,11,1,0,0,0,0,0
"169",0.232394366197183,0.633802816901408,0.126760563380282,0.00704225352112676,0.122699386503067,0.417177914110429,0.337423312883436,0.122699386503067,0,1,6,6,4,3,0,"g",1,49,2,NA,NA,NA,NA,0,0
"170",0.08,0.6,0.24,0.08,0.1,0.4,0.4,0.1,0,1,4,4,5,3,1,"e",1,41,2,0,0,1,1,1,0
"171",0.0625,0.260416666666667,0.260416666666667,0.416666666666667,0.043010752688172,0.403225806451613,0.403225806451613,0.150537634408602,0,1,6,5,5,7,1,"e",1,34,0,0,1,0,0,0,0
"172",0.0746268656716418,0.507462686567164,0.253731343283582,0.164179104477612,0.0746268656716418,0.507462686567164,0.253731343283582,0.164179104477612,0,1,6,6,4,5,1,"e",1,35,3,0,0,0,1,1,0
"173",0.416666666666667,0.277777777777778,0.194444444444444,0.111111111111111,0.274509803921569,0.313725490196078,0.254901960784314,0.156862745098039,0,1,3,4,5,5,1,"e",1,48,3,0,1,0,0,0,0
"174",0.0277777777777778,0.138888888888889,0.5,0.333333333333333,0.0454545454545455,0.454545454545455,0.454545454545455,0.0454545454545455,0,1,5,5,6,6,0,"g",1,59,2,0,0,1,1,1,0
"175",0,0,0.9,0.1,0,0,0.9,0.1,0,1,5,3,7,7,1,"e",1,65,4,0,1,0,0,0,0
"176",0.0158730158730159,0.333333333333333,0.523809523809524,0.126984126984127,0.0476190476190476,0.365079365079365,0.507936507936508,0.0793650793650794,0,1,6,6,3,5,0,"e",1,52,2,0,0,1,1,1,0
"177",0,0.586206896551724,0.413793103448276,0,0,0.5,0.45,0.05,0,1,1,1,6,3,1,"g",1,45,3,1,0,0,0,0,0
"178",0.0661157024793388,0.56198347107438,0.31404958677686,0.0578512396694215,0.0567375886524823,0.638297872340426,0.24822695035461,0.0567375886524823,0,1,NA,NA,5,6,0,"e",1,39,0,NA,NA,NA,NA,0,0
"179",0.0432098765432099,0.135802469135802,0.512345679012346,0.308641975308642,0.0571428571428571,0.171428571428571,0.485714285714286,0.285714285714286,0,1,7,6,6,6,0,"e",1,46,2,NA,NA,NA,NA,0,0
"180",0,0.333333333333333,0.333333333333333,0.333333333333333,0,0.454545454545455,0.454545454545455,0.0909090909090909,0,1,5,5,2,4,0,"g",0,34,0,0,0,1,1,1,0
"181",0.171974522292994,0.509554140127389,0.318471337579618,0,0.0666666666666667,0.433333333333333,0.433333333333333,0.0666666666666667,0,1,5,2,3,4,0,"e",0,26,0,NA,NA,NA,NA,0,0
"182",0.101083032490975,0.32129963898917,0.288808664259928,0.288808664259928,0.0377358490566038,0.283018867924528,0.339622641509434,0.339622641509434,0,1,4,4,1,3,0,"e",0,28,0,NA,NA,NA,NA,0,0
"183",0.150837988826816,0.223463687150838,0.279329608938547,0.346368715083799,0.145161290322581,0.225806451612903,0.279569892473118,0.349462365591398,0,1,2,2,1,1,1,"e",1,30,0,1,0,0,0,0,0
"184",0.378378378378378,0.297297297297297,0.216216216216216,0.108108108108108,0.405405405405405,0.297297297297297,0.216216216216216,0.0810810810810811,0,1,4,5,5,6,1,"g",1,55,2,0,0,0,1,0,0
"185",0,0.535117056856187,0.464882943143813,0,0.0310880829015544,0.404145077720207,0.512953367875648,0.0518134715025907,0,1,6,4,4,2,0,"g",1,51,1,1,0,0,0,0,0
"186",0.13840830449827,0.27681660899654,0.346020761245675,0.238754325259516,0.173160173160173,0.346320346320346,0.264069264069264,0.216450216450216,0,0,3,4,5,5,1,"e",1,50,3,1,0,0,0,0,0
"187",0.0256410256410256,0.677655677655678,0.205128205128205,0.0915750915750916,0.0220588235294118,0.533088235294118,0.275735294117647,0.169117647058824,1,0,6,5,5,4,0,"g",1,67,2,0,0,1,1,1,0
"188",0.155038759689922,0.383720930232558,0.310077519379845,0.151162790697674,0.153846153846154,0.384615384615385,0.307692307692308,0.153846153846154,1,0,4,4,5,5,0,"g",1,45,1,0,0,0,1,1,0
"189",0.05,0.4,0.4,0.15,0.0505050505050505,0.47979797979798,0.429292929292929,0.0404040404040404,0,0,5,7,5,6,1,"e",1,30,0,0,0,0,1,1,0
"190",0.4,0.4,0.133333333333333,0.0666666666666667,0.4,0.4,0.133333333333333,0.0666666666666667,1,0,4,5,6,6,1,"e",1,30,0,0,0,0,1,1,0
"191",0.0769230769230769,0.269230769230769,0.5,0.153846153846154,0.0833333333333333,0.291666666666667,0.541666666666667,0.0833333333333333,0,0,5,4,3,3,1,"f",1,59,2,1,1,0,0,0,0
"192",0.1,0.25,0.5,0.15,0.05,0.3,0.5,0.15,0,1,6,5,5,5,0,"f",0,69,0,NA,NA,NA,NA,0,0
"193",0.15,0.7,0.1,0.05,0.15,0.7,0.1,0.05,0,0,6,4,6,6,0,"e",1,59,1,NA,NA,NA,NA,0,0
"194",0.1,0.3,0.3,0.3,0.1,0.3,0.3,0.3,0,0,6,6,2,2,1,"e",1,57,0,0,0,0,1,1,0
"195",0.192771084337349,0.44578313253012,0.301204819277108,0.0602409638554217,0.0752688172043011,0.43010752688172,0.43010752688172,0.0645161290322581,0,1,4,2,5,5,0,"e",1,45,0,NA,NA,NA,NA,0,0
"196",0.0238095238095238,0.238095238095238,0.30952380952381,0.428571428571429,0.05,0.25,0.25,0.45,0,0,5,7,4,4,0,"e",0,49,2,NA,NA,NA,NA,0,0
"197",0.01,0.27,0.33,0.39,0.00980392156862745,0.264705882352941,0.343137254901961,0.382352941176471,0,0,6,7,5,4,1,"g",0,NA,NA,1,0,0,0,0,0
"198",0.132352941176471,0.455882352941176,0.25,0.161764705882353,0.157142857142857,0.442857142857143,0.242857142857143,0.157142857142857,0,0,5,6,4,4,0,"e",1,61,1,0,0,0,1,1,0
"199",0.0819672131147541,0.278688524590164,0.311475409836066,0.327868852459016,0.025,0.475,0.475,0.025,0,0,4,4,6,6,1,"e",0,NA,2,NA,NA,NA,NA,0,0
"200",0.166666666666667,0.277777777777778,0.166666666666667,0.388888888888889,0.153846153846154,0.307692307692308,0.153846153846154,0.384615384615385,0,0,4,3,3,4,0,"f",1,34,2,1,0,0,0,0,0
"201",0.3125,0.46875,0.15625,0.0625,0.0454545454545455,0.454545454545455,0.454545454545455,0.0454545454545455,0,0,6,7,5,7,0,"g",0,48,0,0,0,0,1,1,0
"202",0,1,0,0,0,1,0,0,1,0,6,6,4,4,1,"e",1,57,1,0,0,0,1,1,0
"203",0.25,0.25,0.25,0.25,0.25,0.25,0.25,0.25,0,1,6,6,NA,5,0,"f",0,52,3,0,0,0,1,1,0
"204",0,0,0.5,0.5,0,0,0.5,0.5,0,0,5,5,5,5,1,"g",1,NA,NA,0,1,1,0,1,0
"205",0,0,0.15,0.85,0,0.05,0.2,0.75,0,0,5,6,6,4,0,"g",1,48,2,NA,NA,NA,NA,0,0
"206",0,0.2,0.4,0.4,0,0.2,0.4,0.4,0,0,2,1,2,NA,0,"g",0,69,4,NA,NA,NA,NA,0,0
"207",0.35,0.5,0.1,0.05,0.15,0.45,0.35,0.05,1,0,5,6,2,3,1,"e",1,45,3,0,0,0,1,0,0
"208",0.947368421052632,0.0526315789473684,0,0,0.1,0.9,0,0,0,0,7,2,4,5,0,"e",0,35,0,1,0,0,0,0,0
"209",0.217391304347826,0.391304347826087,0.304347826086957,0.0869565217391304,0.0588235294117647,0.470588235294118,0.411764705882353,0.0588235294117647,0,1,5,7,5,5,0,"g",1,55,1,0,0,0,1,1,0
"210",0.208333333333333,0.416666666666667,0.291666666666667,0.0833333333333333,0.0686274509803922,0.490196078431373,0.392156862745098,0.0490196078431373,1,0,3,3,2,2,0,"g",1,56,2,0,0,0,1,1,0
"211",0.0625,0.125,0.4375,0.375,0.0277777777777778,0.194444444444444,0.444444444444444,0.333333333333333,1,0,6,6,6,6,0,"e",1,25,0,NA,NA,NA,NA,0,0
"212",0.0909090909090909,0.454545454545455,0.363636363636364,0.0909090909090909,0.571428571428571,0.357142857142857,0.0714285714285714,0,1,0,5,4,NA,5,1,"g",1,55,4,1,0,0,0,0,0
"213",0.1875,0.4375,0.1875,0.1875,0.1875,0.4375,0.1875,0.1875,1,0,3,3,5,5,0,"f",0,64,2,0,0,0,1,1,0
"214",0.294117647058824,0.441176470588235,0.176470588235294,0.0882352941176471,0.172413793103448,0.517241379310345,0.206896551724138,0.103448275862069,1,0,6,6,5,4,1,"e",1,29,NA,0,0,0,1,1,0
"215",0.1,0.7,0.2,0,0.08,0.49,0.4,0.03,1,0,4,5,5,5,1,"e",1,28,0,0,0,0,1,1,0
"216",0.133004926108374,0.300492610837438,0.369458128078818,0.197044334975369,0.121212121212121,0.181818181818182,0.454545454545455,0.242424242424242,0,1,6,6,4,4,0,"f",0,37,0,0,1,1,0,1,0
"217",0.0902255639097744,0.541353383458647,0.278195488721804,0.0902255639097744,0.0845070422535211,0.535211267605634,0.295774647887324,0.0845070422535211,0,1,6,5,6,6,1,"e",1,57,1,0,0,0,1,1,0
"218",0.0476190476190476,0.333333333333333,0.404761904761905,0.214285714285714,0.0638297872340425,0.382978723404255,0.382978723404255,0.170212765957447,0,0,7,4,5,5,0,"d",1,23,0,0,1,0,0,1,1
"219",0.141509433962264,0.455974842767296,0.232704402515723,0.169811320754717,0.05,0.45,0.45,0.05,0,0,5,3,3,4,0,"d",1,23,0,0,1,0,1,1,1
"220",0.107142857142857,0.178571428571429,0.535714285714286,0.178571428571429,0.0967741935483871,0.258064516129032,0.548387096774194,0.0967741935483871,0,0,5,4,3,5,0,"e",1,23,0,0,0,0,1,0,1
"221",0.05,0.4,0.35,0.2,0.05,0.45,0.4,0.1,0,0,NA,5,4,NA,0,"e",1,23,0,0,1,0,0,1,1
"222",0.0491803278688525,0.573770491803279,0.327868852459016,0.0491803278688525,0.0151515151515152,0.53030303030303,0.393939393939394,0.0606060606060606,0,0,NA,6,2,2,0,"d",0,24,0,0,1,1,0,1,1
"223",0.05,0.2,0.6,0.15,0.05,0.45,0.45,0.05,0,0,5,5,4,4,0,"d",0,25,0,0,0,0,1,1,1
"224",0.552631578947368,0.342105263157895,0.0789473684210526,0.0263157894736842,0.425,0.425,0.125,0.025,0,0,2,3,3,4,0,"d",1,24,0,0,0,0,1,1,1
"225",0.0625,0.40625,0.5,0.03125,0.0526315789473684,0.394736842105263,0.447368421052632,0.105263157894737,0,0,4,2,4,4,0,"d",1,21,0,0,0,0,1,1,1
"226",0.1,0.8,0.05,0.05,0.0238095238095238,0.476190476190476,0.476190476190476,0.0238095238095238,0,0,6,7,5,7,0,"e",1,25,0,0,0,0,1,1,1
"227",0.0357142857142857,0.521428571428571,0.342857142857143,0.1,0.0303030303030303,0.515151515151515,0.363636363636364,0.0909090909090909,0,0,6,6,5,5,0,"d",1,23,0,0,1,1,0,1,1
"228",0.011142061281337,0.153203342618384,0.417827298050139,0.417827298050139,0.0140845070422535,0.164319248826291,0.39906103286385,0.422535211267606,0,0,6,5,6,5,0,"e",0,23,0,0,1,1,0,1,1
"229",0.29673590504451,0.459940652818991,0.166172106824926,0.0771513353115727,0.208955223880597,0.405970149253731,0.283582089552239,0.101492537313433,0,0,4,4,5,5,0,"e",0,23,0,0,0,0,0,1,1
"230",0.126760563380282,0.422535211267606,0.328638497652582,0.122065727699531,0.133663366336634,0.371287128712871,0.297029702970297,0.198019801980198,0,0,5,4,6,5,0,"d",1,28,0,0,0,0,1,0,1
"231",0.0759493670886076,0.424050632911392,0.360759493670886,0.139240506329114,0.0957446808510638,0.409574468085106,0.281914893617021,0.212765957446809,0,0,5,5,4,4,0,"d",0,26,0,0,1,0,0,1,1
"232",0.266666666666667,0.3,0.266666666666667,0.166666666666667,0.254237288135593,0.305084745762712,0.254237288135593,0.186440677966102,0,0,7,6,5,5,0,"d",0,23,0,NA,NA,NA,NA,NA,1
"233",0.204545454545455,0.568181818181818,0.151515151515152,0.0757575757575758,0.177215189873418,0.506329113924051,0.253164556962025,0.0632911392405063,0,0,5,3,6,6,0,"e",1,26,0,0,1,0,0,0,1
"234",0.0454545454545455,0.386363636363636,0.318181818181818,0.25,0.0476190476190476,0.476190476190476,0.476190476190476,0,0,0,6,6,5,4,0,"e",1,25,0,NA,NA,NA,NA,NA,1
"235",0.291666666666667,0.375,0.166666666666667,0.166666666666667,0.222222222222222,0.666666666666667,0.111111111111111,0,0,0,5,3,5,5,0,"d",1,22,0,1,0,0,0,0,1
"236",0.150442477876106,0.460176991150442,0.327433628318584,0.0619469026548673,0.0642201834862385,0.431192660550459,0.440366972477064,0.0642201834862385,0,0,6,5,3,4,0,"d",1,25,0,0,0,1,1,0,1
"237",0.159090909090909,0.272727272727273,0.340909090909091,0.227272727272727,0.0975609756097561,0.24390243902439,0.390243902439024,0.268292682926829,0,0,4,4,5,5,0,"d",0,26,0,NA,NA,NA,NA,NA,1
"238",0.225806451612903,0.419354838709677,0.225806451612903,0.129032258064516,0.40625,0.40625,0.09375,0.09375,0,0,NA,NA,4,4,0,"d",1,22,0,0,0,0,1,0,1
"239",0.1,0.5,0.3,0.1,0.1,0.6,0.2,0.1,0,0,5,5,5,6,0,"d",1,26,NA,0,0,0,1,1,1
"240",0.185185185185185,0.444444444444444,0.259259259259259,0.111111111111111,0.147058823529412,0.382352941176471,0.323529411764706,0.147058823529412,0,0,3,4,3,5,0,"d",1,23,0,0,0,1,1,0,1
"241",0.15,0.4,0.4,0.05,0,0.45,0.45,0.1,0,0,4,3,4,5,0,"d",0,23,NA,0,0,0,1,1,1
"242",0,0.5,0.4,0.1,0.05,0.5,0.45,0,0,0,6,6,3,6,0,"d",1,25,0,0,1,0,1,1,1
"243",0.5,0.444444444444444,0.0555555555555556,0,0.05,0.45,0.45,0.05,0,0,6,6,4,6,0,"d",1,28,0,0,1,1,0,1,1
"244",0.247524752475248,0.495049504950495,0.178217821782178,0.0792079207920792,0.0454545454545455,0.454545454545455,0.454545454545455,0.0454545454545455,0,0,6,5,2,6,0,"d",1,24,0,0,1,0,1,0,1
"245",0.137755102040816,0.193877551020408,0.270408163265306,0.397959183673469,0.0614035087719298,0.43859649122807,0.43859649122807,0.0614035087719298,0,0,5,6,5,5,0,"d",0,24,0,0,1,1,0,0,1
"246",0.5,0.2,0.2,0.1,0.177631578947368,0.328947368421053,0.328947368421053,0.164473684210526,0,0,5,6,4,4,0,"d",0,22,0,0,1,0,0,0,1
"247",0.303030303030303,0.454545454545455,0.181818181818182,0.0606060606060606,0.24390243902439,0.439024390243902,0.195121951219512,0.121951219512195,0,0,5,5,3,3,0,"d",0,25,0,0,0,1,1,1,1
"248",0.3,0.3,0.2,0.2,0.05,0.45,0.45,0.05,0,0,5,5,1,2,0,"d",0,24,0,0,0,0,1,1,1
"249",0.105263157894737,0.473684210526316,0.263157894736842,0.157894736842105,0.0454545454545455,0.454545454545455,0.454545454545455,0.0454545454545455,0,0,6,5,6,6,0,"d",1,25,0,0,1,1,0,1,1
"250",0.761904761904762,0.0476190476190476,0.142857142857143,0.0476190476190476,0.64,0.2,0.12,0.04,0,0,2,2,6,6,0,"d",1,25,0,NA,NA,NA,NA,NA,1
"251",0.190140845070423,0.26056338028169,0.549295774647887,0,0.115942028985507,0.318840579710145,0.565217391304348,0,0,0,5,4,2,3,0,"d",0,22,0,0,0,0,1,1,1
"252",0.139896373056995,0.191709844559585,0.321243523316062,0.347150259067358,0.139896373056995,0.191709844559585,0.321243523316062,0.347150259067358,0,0,5,5,3,3,0,"d",0,25,0,0,0,0,1,1,1
"253",0.181818181818182,0.454545454545455,0.181818181818182,0.181818181818182,0.0740740740740741,0.185185185185185,0.518518518518518,0.222222222222222,1,0,4,5,5,5,0,"e",0,25,0,0,1,0,0,0,1
"254",0.85,0.1,0.05,0,0.65,0.15,0.15,0.05,0,0,4,4,6,6,0,"d",1,22,0,NA,NA,NA,NA,NA,1
"255",0.333333333333333,0.333333333333333,0.277777777777778,0.0555555555555556,0.05,0.45,0.45,0.05,0,0,6,5,3,5,0,"d",0,24,0,NA,NA,NA,NA,NA,1
"256",0.0833333333333333,0.138888888888889,0.333333333333333,0.444444444444444,0.0714285714285714,0.142857142857143,0.357142857142857,0.428571428571429,0,0,4,6,3,6,0,"d",0,24,0,NA,NA,NA,NA,NA,1
"257",0.05,0.25,0.375,0.325,0.0448430493273543,0.291479820627803,0.37219730941704,0.291479820627803,1,0,6,2,3,4,0,"d",0,23,0,NA,NA,NA,NA,NA,1
"258",0.0707964601769911,0.663716814159292,0.221238938053097,0.0442477876106195,0.0434782608695652,0.695652173913043,0.260869565217391,0,1,0,6,5,5,6,0,"d",1,25,0,NA,NA,NA,NA,NA,1
"259",0.0522875816993464,0.457516339869281,0.326797385620915,0.163398692810458,0.0410958904109589,0.458904109589041,0.458904109589041,0.0410958904109589,1,0,6,4,6,6,0,"",0,NA,NA,NA,NA,NA,NA,NA,1
"260",0.316279069767442,0.427906976744186,0.153488372093023,0.102325581395349,0.50887573964497,0.313609467455621,0.100591715976331,0.0769230769230769,1,0,6,5,4,4,0,"d",0,24,0,1,0,0,0,0,1
"261",0.0909090909090909,0.636363636363636,0.181818181818182,0.0909090909090909,0.1,0.7,0.1,0.1,1,0,6,6,NA,5,0,"d",1,33,2,NA,NA,NA,NA,NA,1
"262",0.1,0.25,0.4,0.25,0.210526315789474,0.526315789473684,0,0.263157894736842,1,0,4,5,6,5,0,"e",1,24,0,NA,NA,NA,NA,NA,1
"263",0.0122699386503067,0.165644171779141,0.349693251533742,0.47239263803681,0.0138888888888889,0.152777777777778,0.5,0.333333333333333,1,0,6,4,6,6,0,"d",0,25,0,NA,NA,NA,NA,NA,1
"264",0.25,0.625,0.125,0,0.173913043478261,0.652173913043478,0.0869565217391304,0.0869565217391304,1,0,4,5,4,5,0,"d",0,25,0,NA,NA,NA,NA,NA,1
"265",0.0810810810810811,0.621621621621622,0.182432432432432,0.114864864864865,0.0571428571428571,0.491428571428571,0.354285714285714,0.0971428571428571,1,0,5,6,5,6,0,"e",1,23,0,0,1,0,0,0,1
"266",0.3,0.533333333333333,0.133333333333333,0.0333333333333333,0.178571428571429,0.571428571428571,0.142857142857143,0.107142857142857,1,0,4,5,5,5,0,"e",1,23,0,0,1,0,0,0,1
"267",0.072289156626506,0.156626506024096,0.307228915662651,0.463855421686747,0.0222222222222222,0.237037037037037,0.57037037037037,0.17037037037037,1,0,7,3,6,7,0,"e",0,28,0,0,0,1,0,0,1
"268",0.0975609756097561,0.24390243902439,0.365853658536585,0.292682926829268,0.0192307692307692,0.307692307692308,0.432692307692308,0.240384615384615,1,0,5,4,3,4,0,"",0,27,0,NA,NA,NA,NA,NA,1
"269",0.229508196721311,0.245901639344262,0.262295081967213,0.262295081967213,0.1875,0.25,0.28125,0.28125,1,0,4,5,2,4,0,"d",1,25,0,0,1,1,0,0,1
"270",0.1270207852194,0.434180138568129,0.311778290993072,0.1270207852194,0.0621761658031088,0.44559585492228,0.430051813471503,0.0621761658031088,1,0,4,5,4,5,0,"e",0,24,0,NA,NA,NA,NA,NA,1
"271",0.225806451612903,0.32258064516129,0.32258064516129,0.129032258064516,0.166666666666667,0.333333333333333,0.285714285714286,0.214285714285714,1,0,5,4,6,7,0,"d",0,26,0,NA,NA,NA,NA,NA,1
"272",0.0689655172413793,0.21264367816092,0.28735632183908,0.431034482758621,0.0719424460431655,0.323741007194245,0.60431654676259,0,1,0,7,6,2,3,0,"d",0,25,0,NA,NA,NA,NA,NA,1
"273",0,0.0714285714285714,0.357142857142857,0.571428571428571,0.25,0.25,0.25,0.25,1,0,2,1,5,2,0,"d",0,23,0,1,1,0,0,0,1
"274",0.146341463414634,0.439024390243902,0.292682926829268,0.121951219512195,0.0930232558139535,0.465116279069767,0.372093023255814,0.0697674418604651,1,0,5,2,5,6,0,"e",0,23,0,NA,NA,NA,NA,NA,1
"275",0.0808823529411765,0.231617647058824,0.319852941176471,0.367647058823529,0.0494296577946768,0.239543726235741,0.338403041825095,0.372623574144487,1,0,4,5,5,5,0,"d",1,24,0,1,1,0,0,0,1
"276",0.764705882352941,0.117647058823529,0.117647058823529,0,0.05,0.25,0.25,0.45,1,0,4,5,4,3,0,"d",1,27,0,0,0,0,1,1,1
"277",0.208333333333333,0,0.541666666666667,0.25,0.105263157894737,0.394736842105263,0.394736842105263,0.105263157894737,1,0,3,5,3,5,0,"e",0,25,0,1,0,0,0,0,1
"278",0.190140845070423,0.669014084507042,0.105633802816901,0.0352112676056338,0.0930232558139535,0.441860465116279,0.348837209302326,0.116279069767442,1,0,4,6,4,5,0,"d",0,23,0,0,1,0,1,0,1
"279",0.272727272727273,0.363636363636364,0.242424242424242,0.121212121212121,0.234042553191489,0.404255319148936,0.297872340425532,0.0638297872340425,1,0,5,4,3,3,0,"d",0,24,0,0,0,1,1,1,1
"280",0.653465346534653,0.297029702970297,0.0495049504950495,0,0.6,0.35,0.05,0,1,0,5,5,6,6,0,"d",1,23,0,1,1,0,0,0,1
"281",0.35,0.4,0.15,0.1,0.35,0.4,0.15,0.1,1,0,4,4,5,5,0,"d",1,24,0,1,0,0,0,0,1
"282",0.189473684210526,0.778947368421053,0.0315789473684211,0,0.0454545454545455,0.454545454545455,0.454545454545455,0.0454545454545455,1,0,2,6,6,6,0,"e",1,23,0,NA,NA,NA,NA,NA,1
"283",0,0.454545454545455,0.393939393939394,0.151515151515152,0.00568181818181818,0.426136363636364,0.397727272727273,0.170454545454545,1,0,6,4,5,5,0,"d",1,23,0,1,0,0,0,0,1
"284",0.333333333333333,0.5,0.125,0.0416666666666667,0.114285714285714,0.171428571428571,0.285714285714286,0.428571428571429,1,0,4,4,6,6,0,"e",0,25,0,NA,NA,NA,NA,NA,1
"285",0.078125,0.2734375,0.5859375,0.0625,0.029940119760479,0.449101796407186,0.449101796407186,0.0718562874251497,1,0,7,5,4,5,0,"d",0,25,0,NA,NA,NA,NA,NA,1
"286",0.125,0.375,0.375,0.125,0.153846153846154,0.384615384615385,0.435897435897436,0.0256410256410256,1,0,4,6,3,5,0,"d",1,24,NA,0,1,1,0,0,1
"287",0.08,0.4,0.4,0.12,0.0967741935483871,0.483870967741935,0.354838709677419,0.0645161290322581,1,0,5,6,5,5,0,"d",0,24,0,0,1,1,0,0,1
"288",0.5,0.321428571428571,0.142857142857143,0.0357142857142857,0.193548387096774,0.387096774193548,0.354838709677419,0.0645161290322581,1,0,6,6,4,4,0,"e",0,3,0,NA,NA,NA,NA,NA,1
"289",0.08,0.8,0.1,0.02,0.0306122448979592,0.663265306122449,0.255102040816327,0.0510204081632653,1,0,7,5,4,5,0,"d",1,23,0,NA,NA,NA,NA,NA,1
"290",0.0222222222222222,0.377777777777778,0.377777777777778,0.222222222222222,0.1,0.36,0.36,0.18,1,0,2,4,6,6,0,"d",1,24,0,NA,NA,NA,NA,NA,1
"291",0.133333333333333,0.166666666666667,0.2,0.5,0.0357142857142857,0.0714285714285714,0.285714285714286,0.607142857142857,1,0,4,4,4,4,0,"d",0,23,0,1,0,0,0,0,1
"292",0.152542372881356,0.466101694915254,0.338983050847458,0.0423728813559322,0.0522875816993464,0.477124183006536,0.418300653594771,0.0522875816993464,1,0,3,6,5,6,0,"d",1,24,0,0,0,1,0,0,1
"293",0.15,0.25,0.4,0.2,0.05,0.45,0.45,0.05,0,1,6,7,5,6,0,"e",1,31,0,NA,NA,NA,NA,NA,1
"294",0.141242937853107,0.435028248587571,0.282485875706215,0.141242937853107,0.114285714285714,0.428571428571429,0.342857142857143,0.114285714285714,0,1,4,4,4,4,0,"d",0,24,0,0,1,1,0,1,1
"295",0,0.55,0.35,0.1,0,0.45,0.45,0.1,0,1,6,5,5,5,0,"d",0,23,0,0,1,0,0,0,1
"296",0.169811320754717,0.566037735849057,0.169811320754717,0.0943396226415094,0.131707317073171,0.370731707317073,0.375609756097561,0.121951219512195,0,1,7,6,1,4,0,"e",0,24,0,0,0,1,0,0,1
"297",0.0178571428571429,0.357142857142857,0.535714285714286,0.0892857142857143,0.0277777777777778,0.87962962962963,0.0462962962962963,0.0462962962962963,0,1,5,6,6,6,0,"e",1,26,0,0,0,1,0,0,1
"298",0.166666666666667,0.238095238095238,0.30952380952381,0.285714285714286,0.115384615384615,0.307692307692308,0.423076923076923,0.153846153846154,0,1,6,5,3,3,0,"d",0,24,0,0,0,0,1,0,1
"299",0.029585798816568,0.42603550295858,0.396449704142012,0.14792899408284,0.0124223602484472,0.559006211180124,0.416149068322981,0.0124223602484472,0,1,2,6,5,6,0,"d",1,24,0,0,0,1,1,1,1
"300",0.241379310344828,0.448275862068966,0.172413793103448,0.137931034482759,0.204545454545455,0.295454545454545,0.295454545454545,0.204545454545455,0,1,5,4,3,3,0,"d",0,24,0,0,0,1,1,1,1
"301",0.0826446280991736,0.495867768595041,0.0495867768595041,0.371900826446281,0.0460526315789474,0.394736842105263,0.394736842105263,0.164473684210526,0,1,6,6,2,4,0,"d",0,24,0,NA,NA,NA,NA,NA,1
"302",0.0555555555555556,0.138888888888889,0.333333333333333,0.472222222222222,0,0.304347826086957,0.608695652173913,0.0869565217391304,0,1,3,3,2,1,0,"d",0,23,0,NA,NA,NA,NA,NA,1
"303",0.0196078431372549,0.490196078431373,0.245098039215686,0.245098039215686,0.0204081632653061,0.326530612244898,0.326530612244898,0.326530612244898,0,1,5,4,2,3,0,"g",0,0,0,NA,NA,NA,NA,NA,1
"304",0.133333333333333,0.2,0.466666666666667,0.2,0.0434782608695652,0.434782608695652,0.434782608695652,0.0869565217391304,0,1,5,7,5,6,0,"d",1,21,0,1,0,0,0,0,1
"305",0.326086956521739,0.282608695652174,0.217391304347826,0.173913043478261,0.153846153846154,0.230769230769231,0.307692307692308,0.307692307692308,0,1,5,5,4,5,0,"e",0,24,0,0,1,0,0,0,1
"306",0,0,0.287234042553192,0.712765957446808,0,0.08,0.52,0.4,0,1,6,5,5,6,0,"d",1,24,NA,0,1,0,0,0,1
"307",0,0.418604651162791,0.348837209302326,0.232558139534884,0.0256410256410256,0.461538461538462,0.461538461538462,0.0512820512820513,0,1,6,7,4,5,0,"d",0,24,0,0,1,0,0,0,1
"308",0.0792682926829268,0.225609756097561,0.530487804878049,0.164634146341463,0.0424242424242424,0.260606060606061,0.496969696969697,0.2,0,1,3,4,2,3,0,"d",0,26,0,0,1,1,0,1,1
"309",0.179775280898876,0.404494382022472,0.292134831460674,0.123595505617978,0.254464285714286,0.34375,0.299107142857143,0.102678571428571,0,1,6,6,4,3,0,"d",0,24,0,0,0,0,0,1,1
"310",0,0.433333333333333,0.333333333333333,0.233333333333333,0,0.461538461538462,0.423076923076923,0.115384615384615,0,1,4,1,5,4,0,"d",1,22,0,0,1,1,0,0,1
"311",0,0.476190476190476,0.0476190476190476,0.476190476190476,0,0.285714285714286,0.428571428571429,0.285714285714286,0,1,1,1,5,5,0,"d",0,22,0,0,1,0,0,0,1
"312",0.242424242424242,0.424242424242424,0.242424242424242,0.0909090909090909,0.0454545454545455,0.454545454545455,0.454545454545455,0.0454545454545455,0,1,6,6,5,5,0,"d",1,23,0,0,1,0,0,0,1
"313",0.2,0.5,0.2,0.1,0.1,0.4,0.35,0.15,0,1,7,6,5,6,0,"d",1,24,0,0,1,0,1,0,1
"314",0.15,0.55,0.25,0.05,0.1875,0.6875,0.0625,0.0625,0,1,3,2,6,6,0,"d",1,24,0,0,0,0,0,1,1
"315",0.0170940170940171,0.641025641025641,0.256410256410256,0.0854700854700855,0.0265486725663717,0.442477876106195,0.442477876106195,0.0884955752212389,0,1,6,6,6,6,0,"g",0,43,2,0,1,0,1,1,1
"316",0.3,0.5,0.15,0.05,0.15,0.5,0.3,0.05,0,1,5,6,3,4,0,"d",0,28,0,0,0,1,1,1,1
"317",0.166666666666667,0.777777777777778,0,0.0555555555555556,0.15,0.7,0.1,0.05,0,1,4,3,5,6,0,"g",1,46,NA,NA,NA,NA,NA,NA,1
"318",0.0689655172413793,0.241379310344828,0.551724137931034,0.137931034482759,0,0.192307692307692,0.5,0.307692307692308,0,1,6,5,5,4,0,"e",0,22,0,NA,NA,NA,NA,NA,1
"319",0.133004926108374,0.305418719211823,0.428571428571429,0.133004926108374,0.0378378378378378,0.47027027027027,0.394594594594595,0.0972972972972973,0,1,NA,5,5,6,0,"e",0,24,0,NA,NA,NA,NA,NA,1
"320",0.47,0.47,0.03,0.03,0.323232323232323,0.323232323232323,0.323232323232323,0.0303030303030303,0,1,3,4,5,3,0,"d",0,23,0,0,1,1,0,1,1
"321",0.158333333333333,0.220833333333333,0.275,0.345833333333333,0.203125,0.234375,0.265625,0.296875,0,1,3,5,5,2,0,"d",0,24,0,0,0,0,1,0,1
"322",0.05,0.3,0.5,0.15,0.078125,0.78125,0.0625,0.078125,0,1,NA,7,3,4,0,"d",1,23,0,0,0,0,1,0,1
"323",0.0588235294117647,0.382352941176471,0.441176470588235,0.117647058823529,0.0189873417721519,0.474683544303797,0.379746835443038,0.126582278481013,0,1,6,5,3,4,0,"d",0,5,0,0,0,1,1,0,1
"324",0.0769230769230769,0.197802197802198,0.362637362637363,0.362637362637363,0.0280373831775701,0.0934579439252336,0.439252336448598,0.439252336448598,0,1,4,3,3,5,0,"d",1,23,0,NA,NA,NA,NA,NA,1
"325",0.0169491525423729,0.101694915254237,0.468926553672316,0.412429378531073,0.025,0.416666666666667,0.416666666666667,0.141666666666667,0,1,6,6,6,4,0,"d",0,28,1,1,0,0,0,0,1
"326",0.0398009950248756,0.318407960199005,0.343283582089552,0.298507462686567,0.020979020979021,0.48951048951049,0.41958041958042,0.0699300699300699,0,1,4,2,4,5,0,"d",1,23,0,0,0,0,0,1,1
"327",0.208333333333333,0.291666666666667,0.270833333333333,0.229166666666667,0.253164556962025,0.345991561181435,0.379746835443038,0.0210970464135021,0,1,3,4,3,4,0,"e",0,24,NA,NA,NA,NA,NA,NA,1
"328",0.151515151515152,0.454545454545455,0.272727272727273,0.121212121212121,0.09375,0.46875,0.3125,0.125,0,1,4,6,3,4,0,"d",0,25,0,0,0,0,1,1,1
"329",0.1,0.6,0.15,0.15,0.0833333333333333,0.0833333333333333,0.75,0.0833333333333333,0,1,6,5,3,6,0,"d",0,25,0,0,0,0,1,0,1
"330",0.147058823529412,0.470588235294118,0.205882352941176,0.176470588235294,0.138888888888889,0.472222222222222,0.222222222222222,0.166666666666667,0,1,5,6,5,5,0,"g",1,47,2,NA,NA,NA,NA,NA,1
"331",NA,NA,NA,NA,NA,NA,NA,NA,NA,NA,NA,NA,NA,NA,0,"",0,NA,NA,NA,NA,NA,NA,NA,1
